gene_name,variant_label,conditions
A2MR,Q07954_D100E,Alzheimer's disease
A2MR,Q07954_C766T,Alzheimer's disease
A4,P05067_rs6656401,Alzheimer's disease
A4,P05067_A673T,Alzheimer's disease
A4,Q13492_rs541458,Alzheimer's disease
A4,Q13492_rs3851179,Alzheimer's disease
A4,P49810_N156K,Alzheimer's disease
A4,P17927_rs6656401,Alzheimer's disease
A4,P05067_V642I,Alzheimer's disease
A4,P05067_V642F,Alzheimer's disease
A4,P05067_rs6583817,Alzheimer's disease
A4,P05067_rs541458,Alzheimer's disease
A4,P05067_rs495078,Alzheimer's disease
A4,P05067_rs3851179,Alzheimer's disease
A4,P05067_rs3183702,Alzheimer's disease
A4,P05067_rs1799724,Alzheimer's disease
A4,P05067_N156K,Alzheimer's disease
A4,P05067_E693G,Alzheimer's disease; dementia
A4,P05067_A713T,Alzheimer's disease
A4,P05067_A673V,Alzheimer's disease
AAG4,P10909_rs11136000,Alzheimer's disease
AAG4,P10909_rs2279590,Alzheimer's disease
AAG4,P10909_rs9331888,Alzheimer's disease
ABCA1,O95477_N1800H,Alzheimer's disease; cerebrovascular disease; Cerebrovascular Disorders
ABCA1,O95477_R219K,Alzheimer's disease
ABCA2,Q9BZC7_D709E,Alzheimer's disease
ABCA7,P02649_rs3764650,Alzheimer's disease
ABCA7,Q8IZY2_G1527A,Alzheimer's disease
ABCA7,Q8IZY2_rs115550680,Alzheimer's disease
ABCA7,Q8IZY2_rs3764,Alzheimer's disease
ABCA7,Q8IZY2_rs3764605,Alzheimer's disease
ABCA7,Q8IZY2_rs3764650,Alzheimer's disease
ABCB1,P08183_C3435T,Alzheimer's disease
ABCC2,Q92887_I1324M,Alzheimer's disease
ABI3,Q9P2A4_S209F,Alzheimer's disease
AD1,P49810_N156K,Alzheimer's disease
AD1,Q13492_rs541458,Alzheimer's disease
AD1,Q13492_rs3851179,Alzheimer's disease
AD1,P17927_rs6656401,Alzheimer's disease
AD1,P05067_V642I,Alzheimer's disease
AD1,P05067_V642F,Alzheimer's disease
AD1,P05067_rs6656401,Alzheimer's disease
AD1,P05067_rs6583817,Alzheimer's disease
AD1,P05067_rs541458,Alzheimer's disease
AD1,P05067_rs3851179,Alzheimer's disease
AD1,P05067_rs495078,Alzheimer's disease
AD1,P05067_A673V,Alzheimer's disease
AD1,P05067_A713T,Alzheimer's disease
AD1,P05067_A673T,Alzheimer's disease
AD1,P05067_N156K,Alzheimer's disease
AD1,P05067_rs1799724,Alzheimer's disease
AD1,P05067_rs3183702,Alzheimer's disease
AD1,P05067_E693G,Alzheimer's disease; dementia
AD3,P49768_rs165932,Alzheimer's disease
AD3,P49768_T245P,Alzheimer's disease
AD3,P49768_S230N,secondary Parkinson disease; Secondary Parkinson Disease
AD3,P49768_S170F,Alzheimer's disease
AD3,P49768_rs1800839,Alzheimer's disease
AD3,P49768_P433S,Alzheimer's disease
AD3,P49768_M139V,Alzheimer's disease
AD3,P49768_L166P,Alzheimer's disease
AD3,P49768_K311R,Alzheimer's disease
AD3,P49768_G206S,Alzheimer's disease
AD3,P49768_F177S,Alzheimer's disease
AD3,P49768_E280A,Alzheimer's disease
AD4,P49810_N302K,Alzheimer's disease
AD4,P49810_rs8383,Alzheimer's disease
ADAM10,O14672_rs2305421,Alzheimer's disease
ADH1B,P00325_R48H,Alzheimer's disease
AGER,Q15109_G82S,Alzheimer's disease
AKT1,P31749_rs2498786,Alzheimer's disease
ALDH2,P05091_E504K,Alzheimer's disease
ALTPRP,P04156_M129V,Alzheimer's disease
APH1A,Q96BI3_rs3754048,Alzheimer's disease
APOE,P02649_rs463946,Alzheimer's disease
APOE,P02649_rs4945261,Alzheimer's disease
APOE,P02649_rs4988514,Alzheimer's disease
APOE,P02649_rs5848,Parkinson's disease; Parkinson Disease; Alzheimer's disease
APOE,P02649_rs6665,Alzheimer's disease
APOE,P02649_rs7294919,Alzheimer's disease
APOE,P02649_rs760678,Alzheimer's disease
APOE,P02649_rs7856774,Alzheimer's disease
APOE,P02649_rs9331949,Alzheimer's disease
APOE,P02649_rs972936,Alzheimer's disease
APOE,P02649_V236E,Alzheimer's disease
APOE,P05019_rs972936,Alzheimer's disease
APOE,P14735_rs1887922,Alzheimer's disease
APOE,P14735_rs1999764,Alzheimer's disease
APOE,P17927_rs2075650,Alzheimer's disease
APOE,P28799_rs5848,Alzheimer's disease; Parkinson's disease; Parkinson Disease
APOE,P98164_rs3755166,Alzheimer's disease
APOE,Q13492_rs2070045,Alzheimer's disease
APOE,Q6UB35_rs11754661,Alzheimer's disease
APOE,Q8IZY2_rs3764650,Alzheimer's disease
APOE,Q92673_rs2070045,Alzheimer's disease
APOE,Q9H0M4_rs1476679,Alzheimer's disease
APOE,Q9UQC2_rs10793294,Alzheimer's disease
APOE,Q9UQC2_rs4945261,Alzheimer's disease
APOE,P02649_rs4420638,Alzheimer's disease
APOE,P02649_rs449647,Alzheimer's disease
APOE,O75581_rs9331949,Alzheimer's disease
APOE,O96008_rs2075650,Alzheimer's disease
APOE,P02649_C130R,dementia
APOE,P02649_rs10793294,Alzheimer's disease
APOE,P02649_rs10845990,Alzheimer's disease
APOE,P02649_rs10997477,Alzheimer's disease
APOE,P02649_rs11610206,Alzheimer's disease
APOE,P02649_rs11754661,Alzheimer's disease
APOE,P02649_rs1333049,Alzheimer's disease
APOE,P02649_rs1476679,Alzheimer's disease
APOE,P02649_rs16923760,Alzheimer's disease
APOE,P02649_rs1999764,Alzheimer's disease
APOE,P02649_rs2069442,Alzheimer's disease
APOE,P02649_rs2070045,Alzheimer's disease
APOE,P02649_rs2075650,Alzheimer's disease
APOE,P02649_rs3740677,Alzheimer's disease
APOE,P02649_rs3755166,Alzheimer's disease
APOE,P02649_rs3764650,Alzheimer's disease
APOE,P02649_rs3817622,Alzheimer's disease
APOE,P02649_rs3846662,Alzheimer's disease
APOE,P02649_rs405509,Alzheimer's disease
APOE,P02649_rs1887922,Alzheimer's disease
APOJ,P10909_rs11136000,Alzheimer's disease
APOJ,P10909_rs9331888,Alzheimer's disease
APOJ,P10909_rs2279590,Alzheimer's disease
APP,P05067_A673V,Alzheimer's disease
APP,Q13492_rs541458,Alzheimer's disease
APP,Q13492_rs3851179,Alzheimer's disease
APP,P49810_N156K,Alzheimer's disease
APP,P17927_rs6656401,Alzheimer's disease
APP,P05067_V642I,Alzheimer's disease
APP,P05067_V642F,Alzheimer's disease
APP,P05067_rs6656401,Alzheimer's disease
APP,P05067_rs6583817,Alzheimer's disease
APP,P05067_rs495078,Alzheimer's disease
APP,P05067_rs3851179,Alzheimer's disease
APP,P05067_rs3183702,Alzheimer's disease
APP,P05067_rs1799724,Alzheimer's disease
APP,P05067_N156K,Alzheimer's disease
APP,P05067_E693G,dementia; Alzheimer's disease
APP,P05067_A713T,Alzheimer's disease
APP,P05067_A673T,Alzheimer's disease
APP,P05067_rs541458,Alzheimer's disease
APR,Q07954_D100E,Alzheimer's disease
APR,Q07954_C766T,Alzheimer's disease
ATP7B,P35670_K832R,Alzheimer's disease
ATP7B,P35670_R952K,Alzheimer's disease
ATP7B,P35670_rs2147363,Alzheimer's disease
ATP7B,P35670_V1140A,Alzheimer's disease
BACE1,P56817_C786G,Alzheimer's disease
BACE1,P56817_rs638405,Alzheimer's disease
BDNF,P23560_C270T,Alzheimer's disease
BDNF,P23560_V66M,dementia; Alzheimer's disease
BIN1,O00499_rs744373,Alzheimer's disease
BIN1,P17927_rs7561528,Alzheimer's disease
BIN1,O00499_rs7561528,Alzheimer's disease
BMAL1,O00327_rs2278749,Alzheimer's disease
BMAL2,Q8WYA1_rs2306074,Alzheimer's disease
C11orf32,P02649_rs2070045,Alzheimer's disease
C11orf32,Q13492_rs2070045,Alzheimer's disease
C11orf32,Q13492_rs668387,Alzheimer's disease
C11orf32,Q92673_A528T,Parkinson Disease; Parkinson's disease
C11orf32,Q92673_rs11218343,Alzheimer's disease
C11orf32,Q92673_rs1133174,Alzheimer's disease
C11orf32,Q92673_rs17125548,Alzheimer's disease
C11orf32,Q92673_rs1784933,Alzheimer's disease
C11orf32,Q92673_rs2070045,Alzheimer's disease
C11orf32,Q92673_rs3824968,Alzheimer's disease
C11orf32,Q92673_rs668387,Alzheimer's disease
C11orf32,Q92673_rs985421,Alzheimer's disease
CALHM1,Q8IU99_L86P,Alzheimer's disease
CALHM1,Q8IU99_P86L,Alzheimer's disease
CARD7,Q9C000_T246S,Alzheimer's disease
CD2AP,Q9Y5K6_rs9349407,Alzheimer's disease
CD33,P17927_rs3865444,Alzheimer's disease
CD33,P20138_rs3865444,Alzheimer's disease
CD33,P20138_rs610932,Alzheimer's disease
CD33,Q9H2W1_rs610932,Alzheimer's disease
CDK5RAP2,Q96SN8_rs10984186,Alzheimer's disease
CELF2,O95319_rs2242451,Alzheimer's disease
CETP,P11597_D442G,Alzheimer's disease
CETP,P11597_I405V,Alzheimer's disease
CH25H,O95992_rs13500,Alzheimer's disease
CHAT,P28329_A120T,Alzheimer's disease
CLI,P10909_rs11136000,Alzheimer's disease
CLI,P10909_rs2279590,Alzheimer's disease
CLI,P10909_rs9331888,Alzheimer's disease
CLOCK,O15516_rs1554483,Alzheimer's disease
CLU,P10909_rs11136000,Alzheimer's disease
CLU,P10909_rs2279590,Alzheimer's disease
CLU,P10909_rs9331888,Alzheimer's disease
COMT,P21964_V158M,Alzheimer's disease
CR1,P17927_I1615V,Alzheimer's disease
CR1,P20138_rs3865444,Alzheimer's disease
CR1,P17927_rs7561528,Alzheimer's disease
CR1,P17927_rs6656401,Alzheimer's disease
CR1,P17927_rs3865444,Alzheimer's disease
CR1,P17927_rs3818361,Alzheimer's disease
CR1,P17927_rs2075650,Alzheimer's disease
CR1,P05067_rs6656401,Alzheimer's disease
CR1,P02649_rs2075650,Alzheimer's disease
CR1,O96008_rs2075650,Alzheimer's disease
CR1,O00499_rs7561528,Alzheimer's disease
CST3,P01034_A25T,Alzheimer's disease
CST3,P01034_G73A,Alzheimer's disease
CTSD,P07339_A38V,Alzheimer's disease
CTSD,P07339_A58V,Alzheimer's disease
CYP11A1,P05108_rs2279357,Alzheimer's disease
CYP17A1,P05093_rs743572,Alzheimer's disease
CYP17A1,P05093_rs3824755,Alzheimer's disease
CYP19A1,P11511_rs10046,Alzheimer's disease
CYP19A1,P11511_rs767199,Alzheimer's disease
CYP19A1,P11511_rs3751592,Alzheimer's disease
CYP2J2,P51589_rs890293,Alzheimer's disease
DAPK1,P53355_rs4878104,frontotemporal dementia; Alzheimer's disease
DAPK1,P53355_rs4877365,Alzheimer's disease
DBH,P09172_rs1611115,Alzheimer's disease
DCHS2,Q6V1P9_rs1466662,Alzheimer's disease
DEFCAP,Q9C000_T246S,Alzheimer's disease
DISC1,Q9NRI5_L607F,Alzheimer's disease
DNAJC27,Q9NZQ0_rs713586,Alzheimer's disease
EIF2AK2,P19525_rs2254958,Alzheimer's disease
EPHA1,P21709_rs11767557,Alzheimer's disease
ESR1,P03372_rs2234693,Alzheimer's disease
ESR1,P03372_rs9340799,Alzheimer's disease
EXOC3L2,Q2M3D2_rs597668,Alzheimer's disease
FLT4,P35916_rs10085109,Alzheimer's disease
GAB2,P02649_rs10793294,Alzheimer's disease
GAB2,P02649_rs4945261,Alzheimer's disease
GAB2,Q9UQC2_rs10793294,Alzheimer's disease
GAB2,Q9UQC2_rs2373115,Alzheimer's disease
GAB2,Q9UQC2_rs4945261,Alzheimer's disease
GAB2,Q9UQC2_rs7101429,Alzheimer's disease
GAPDH,P04406_rs2029721,Alzheimer's disease
GRN,P02649_rs5848,Alzheimer's disease; Parkinson's disease; Parkinson Disease
GRN,P28799_rs5848,Parkinson's disease; Alzheimer's disease; Parkinson Disease
GSK3B,P49841_rs334558,Alzheimer's disease
GSK3B,P49841_rs6438552,Alzheimer's disease
GSTM3,P21266_rs1332018,Alzheimer's disease
GSTO1,P78417_A140D,Alzheimer's disease
GSTP1,P09211_I105V,Alzheimer's disease
HFE,Q30201_C282Y,Alzheimer's disease
HLA-DRB1,P01911_rs9271192,Alzheimer's disease
HOMER2,Q9NSB8_rs1256429,Alzheimer's disease
HTR2A,P28223_T102C,Alzheimer's disease
IDE,P14735_rs4646958,Alzheimer's disease
IDE,P14735_rs7910977,Alzheimer's disease
IDE,P14735_rs1999764,Alzheimer's disease
IDE,P14735_rs1887922,Alzheimer's disease
IDE,P02649_rs1999764,Alzheimer's disease
IDE,P02649_rs1887922,Alzheimer's disease
IGF1,P02649_rs972936,Alzheimer's disease
IGF1,P05019_rs972936,Alzheimer's disease
IL10,P22301_rs1800871,Alzheimer's disease
IL16,Q14005_P434S,Alzheimer's disease
IL1B,P01584_rs12989701,Alzheimer's disease
IL1F2,P01584_rs12989701,Alzheimer's disease
IL33,O95760_rs11792633,Alzheimer's disease
IL9,P15248_rs31563,Alzheimer's disease
IL9R,Q01113_rs3093467,Alzheimer's disease
KIAA0926,Q9C000_T246S,Alzheimer's disease
KUB1,P10909_rs2279590,Alzheimer's disease
KUB1,P10909_rs11136000,Alzheimer's disease
KUB1,P10909_rs9331888,Alzheimer's disease
KUZ,O14672_rs2305421,Alzheimer's disease
LPL,P06858_N318S,Alzheimer's disease
LPL,P06858_rs320,Alzheimer's disease
LRP1,Q07954_C766T,Alzheimer's disease
LRP1,Q07954_D100E,Alzheimer's disease
LRP2,P02649_rs3755166,Alzheimer's disease
LRP2,P98164_rs3755166,Alzheimer's disease
LRP6,O75581_rs9331949,Alzheimer's disease
LRP6,P02649_rs9331949,Alzheimer's disease
MADM,O14672_rs2305421,Alzheimer's disease
MAPT,P10636_A469S,Alzheimer's disease; frontotemporal dementia
MAPT,P10636_rs1595014,Alzheimer's disease
MAPT,P10636_R406W,Secondary Parkinson Disease; secondary Parkinson disease
MAPT,P10636_P301S,dementia
MAPT,P10636_L266V,dementia; frontotemporal dementia
MAPT,P10636_A152T,frontotemporal dementia; Alzheimer's disease
MC1R,Q01726_V92M,Alzheimer's disease
MEFV,O15553_M694V,Alzheimer's disease
MME,P08473_rs1816558,Alzheimer's disease
MME,P08473_rs3736187,Alzheimer's disease
MS4A6A,P20138_rs610932,Alzheimer's disease
MS4A6A,Q9H2W1_rs610932,Alzheimer's disease
MTHFD1L,P02649_rs11754661,Alzheimer's disease
MTHFD1L,Q6UB35_rs11754661,Alzheimer's disease
MTHFR,P42898_A1298C,Alzheimer's disease
MTHFR,P42898_A222V,Alzheimer's disease
MTHFR,P42898_C677T,Alzheimer's disease
NAC,Q9C000_T246S,Alzheimer's disease
NALP1,Q9C000_T246S,Alzheimer's disease
NGFR,P08138_S205L,Alzheimer's disease
NLRP1,Q9C000_T246S,Alzheimer's disease
NOS3,P29474_G894T,Alzheimer's disease
NR1H3,Q13133_rs7120118,Alzheimer's disease
NTF3,P20783_rs6332,Alzheimer's disease
NTF3,P20783_rs6489630,Alzheimer's disease
NTRK2,Q16620_rs2289656,Alzheimer's disease
OTC,P00480_rs5963409,Alzheimer's disease
OTC,P00480_rs5963411,Alzheimer's disease
PEMT,Q9UBM1_G523A,Alzheimer's disease
PEMT,Q9UBM1_V175M,Alzheimer's disease
PICALM,Q92673_rs668387,Alzheimer's disease
PICALM,Q92673_rs2070045,Alzheimer's disease
PICALM,Q13492_rs689021,Alzheimer's disease
PICALM,Q13492_rs668387,Alzheimer's disease
PICALM,Q13492_rs641120,Alzheimer's disease
PICALM,Q13492_rs541458,Alzheimer's disease
PICALM,Q13492_rs3851179,Alzheimer's disease
PICALM,Q13492_rs2070045,Alzheimer's disease
PICALM,Q13492_rs2282649,Alzheimer's disease
PICALM,P02649_rs2070045,Alzheimer's disease
PICALM,P05067_rs3851179,Alzheimer's disease
PICALM,Q13492_rs1010159,Alzheimer's disease
PICALM,Q13492_rs12285364,Alzheimer's disease
PICALM,P05067_rs541458,Alzheimer's disease
PICK1,Q9NRD5_rs397780637,Alzheimer's disease
PLAU,P00749_P141L,Alzheimer's disease
PLD3,Q8IV08_I163M,Alzheimer's disease
PLD3,Q8IV08_V232M,Alzheimer's disease
PON1,P27169_Q192R,Alzheimer's disease
PON1,P27169_rs705379,Alzheimer's disease
PON2,Q15165_S311C,Alzheimer's disease
PPARA,Q07869_L162V,Alzheimer's disease
PPARG,P37231_P40A,Alzheimer's disease
PPP1R3A,Q16821_D905Y,Alzheimer's disease
PRIP,P04156_M129V,Alzheimer's disease
PRNP,P04156_M129V,Alzheimer's disease
PRP,P04156_M129V,Alzheimer's disease
PS1,P49768_T245P,Alzheimer's disease
PS1,P49768_S230N,Secondary Parkinson Disease; secondary Parkinson disease
PS1,P49768_S170F,Alzheimer's disease
PS1,P49768_rs1800839,Alzheimer's disease
PS1,P49768_rs165932,Alzheimer's disease
PS1,P49768_P433S,Alzheimer's disease
PS1,P49768_L166P,Alzheimer's disease
PS1,P49768_K311R,Alzheimer's disease
PS1,P49768_G206S,Alzheimer's disease
PS1,P49768_F177S,Alzheimer's disease
PS1,P49768_E280A,Alzheimer's disease
PS1,P49768_M139V,Alzheimer's disease
PS2,P49810_N302K,Alzheimer's disease
PS2,P49810_rs8383,Alzheimer's disease
PSEN1,P49768_P433S,Alzheimer's disease
PSEN1,P49768_T245P,Alzheimer's disease
PSEN1,P49768_S230N,secondary Parkinson disease; Secondary Parkinson Disease
PSEN1,P49768_S170F,Alzheimer's disease
PSEN1,P49768_rs1800839,Alzheimer's disease
PSEN1,P49768_rs165932,Alzheimer's disease
PSEN1,P49768_M139V,Alzheimer's disease
PSEN1,P49768_L166P,Alzheimer's disease
PSEN1,P49768_K311R,Alzheimer's disease
PSEN1,P49768_G206S,Alzheimer's disease
PSEN1,P49768_F177S,Alzheimer's disease
PSEN1,P49768_E280A,Alzheimer's disease
PSEN2,P49810_N302K,Alzheimer's disease
PSEN2,P49810_rs8383,Alzheimer's disease
PSNL1,P49768_T245P,Alzheimer's disease
PSNL1,P49768_S230N,Secondary Parkinson Disease; secondary Parkinson disease
PSNL1,P49768_S170F,Alzheimer's disease
PSNL1,P49768_rs1800839,Alzheimer's disease
PSNL1,P49768_rs165932,Alzheimer's disease
PSNL1,P49768_M139V,Alzheimer's disease
PSNL1,P49768_L166P,Alzheimer's disease
PSNL1,P49768_K311R,Alzheimer's disease
PSNL1,P49768_G206S,Alzheimer's disease
PSNL1,P49768_F177S,Alzheimer's disease
PSNL1,P49768_E280A,Alzheimer's disease
PSNL1,P49768_P433S,Alzheimer's disease
PSNL2,P49810_N302K,Alzheimer's disease
PSNL2,P49810_rs8383,Alzheimer's disease
PTGS2,P35354_rs20417,Alzheimer's disease
PTK2B,Q14289_rs2883490,Alzheimer's disease
PTK2B,Q14289_rs28834970,Alzheimer's disease
RAB38,P57729_rs1980493,Alzheimer's disease
RFC1,P35251_A80G,Alzheimer's disease
SCFD1,Q8WVM8_rs10139154,Alzheimer's disease
SIRT2,Q8IXJ6_rs10410544,Alzheimer's disease
SLC25A27,O95847_rs9472817,Alzheimer's disease
SNCA,P37840_rs10516846,Alzheimer's disease
SORL1,Q92673_rs985421,Alzheimer's disease
SORL1,Q92673_rs668387,Alzheimer's disease
SORL1,Q92673_rs3824968,Alzheimer's disease
SORL1,Q92673_rs2070045,Alzheimer's disease
SORL1,Q92673_rs1784933,Alzheimer's disease
SORL1,Q92673_rs17125548,Alzheimer's disease
SORL1,Q92673_rs11218343,Alzheimer's disease
SORL1,Q92673_A528T,Parkinson Disease; Parkinson's disease
SORL1,Q13492_rs668387,Alzheimer's disease
SORL1,Q13492_rs2070045,Alzheimer's disease
SORL1,P02649_rs2070045,Alzheimer's disease
SORL1,Q92673_rs1133174,Alzheimer's disease
SPON1,Q9HCB6_rs2618516,Alzheimer's disease
STM2,P49810_rs8383,Alzheimer's disease
STM2,P49810_N302K,Alzheimer's disease
SUMO1,P63165_rs12472035,Alzheimer's disease
TARDBP,Q13148_A90V,Alzheimer's disease
TFAM,Q00059_S12T,Alzheimer's disease
TLR4,O00206_D299G,Alzheimer's disease
TMED10,P49755_rs12435391,Alzheimer's disease
TOMM40,O96008_rs10524523,Alzheimer's disease
TOMM40,P17927_rs2075650,Alzheimer's disease
TOMM40,P02649_rs2075650,Alzheimer's disease
TOMM40,O96008_rs2075650,Alzheimer's disease
TOMM40,O96008_F113L,Alzheimer's disease
TREM2,Q9NZC2_H157Y,Alzheimer's disease
TREM2,Q9NZC2_Q33T,Alzheimer's disease
TREM2,Q9NZC2_R47H,dementia; Parkinson Disease; Alzheimer's disease; Parkinson's disease
TREM2,Q9NZC2_R62H,Alzheimer's disease
TREML2,Q5T2D2_S144G,Alzheimer's disease
TTBK1,Q5TCY1_rs2651206,Alzheimer's disease
UBQLN1,Q9UMX0_rs12344615,Alzheimer's disease
UNC5C,O95185_T835M,Alzheimer's disease
WWC1,Q8IX03_rs17070145,Alzheimer's disease
ZCWPW1,P02649_rs1476679,Alzheimer's disease
ZCWPW1,Q9H0M4_rs1476679,Alzheimer's disease
